Time,Type,DevAddr,DevEUI,FCnt,RJcount1,Invalid
'2021-09-05 11:34:23.87','Join-Request',,'b6bf6b860a8b1ea7',,,'Corrupted! Invalid packet size.'
'2021-09-05 11:34:56.31','Join-Request',,'75c600000aca2500',,,
'2021-09-05 11:35:01.39','Join-Accept','b38a679a',,,,
'2021-09-05 11:35:04.25','Uplink Msg (C)','260b0523',,'0000',,
'2021-09-05 11:35:04.26','Uplink Msg (C)','260b0523',,'0000',,
'2021-09-05 11:35:09.29','Downlink Msg (UC)','260b0523',,'0000',,
'2021-09-05 11:35:17.95','Join-Request',,'ed3f000000da7f64',,,
'2021-09-05 11:35:24.76','Join-Accept','f441f374',,,,
'2021-09-05 11:35:40.26','Uplink Msg (UC)','260be271',,'0000',,
'2021-09-05 11:35:40.27','Uplink Msg (UC)','260be271',,'0000',,
'2021-09-05 11:35:46.59','Downlink Msg (UC)','260be271',,'0000',,
'2021-09-05 11:36:04.51','Uplink Msg (C)','260b0523',,'0001',,
'2021-09-05 11:36:09.55','Downlink Msg (UC)','260b0523',,'0001',,
'2021-09-05 11:37:04.51','Uplink Msg (C)','260b0523',,'0002',,
'2021-09-05 11:37:09.54','Downlink Msg (UC)','260b0523',,'0002',,
'2021-09-05 11:37:53.19','Uplink Msg (C)','e96adc6f',,'4c47',,
'2021-09-05 11:38:04.50','Uplink Msg (C)','260b0523',,'0003',,
'2021-09-05 11:38:04.50','Uplink Msg (C)','260b0523',,'0003',,
'2021-09-05 11:38:09.54','Downlink Msg (UC)','260b0523',,'0003',,
'2021-09-05 11:38:33.22','Rejoin-Request',,'',,: '','Corrupted! Invalid ReJoinType value.'
'2021-09-05 11:39:00.35','Join-Request',,'790ef4364d04e6ab',,,'Corrupted! Invalid packet size.'
'2021-09-05 11:39:02.78','Join-Request',,'ed3f000000da7f64',,,
'2021-09-05 11:39:04.49','Uplink Msg (C)','260b0523',,'0004',,
'2021-09-05 11:39:04.50','Uplink Msg (C)','260b0523',,'0004',,
'2021-09-05 11:39:09.59','Join-Accept','b55a58fd',,,,
'2021-09-05 11:39:25.09','Uplink Msg (UC)','260baeec',,'0000',,
'2021-09-05 11:39:25.10','Uplink Msg (UC)','260baeec',,'0000',,
'2021-09-05 11:39:31.58','Downlink Msg (C)','260baeec',,'0001',,
'2021-09-05 11:39:48.10','Join-Request',,'ed3f000000da7f64',,,
'2021-09-05 11:39:54.92','Join-Accept','0e2ca409',,,,
'2021-09-05 11:40:04.49','Uplink Msg (C)','260b0523',,'0005',,
'2021-09-05 11:40:09.53','Downlink Msg (UC)','260b0523',,'0005',,
'2021-09-05 11:40:10.42','Uplink Msg (UC)','260bc69d',,'0000',,
'2021-09-05 11:40:10.43','Uplink Msg (UC)','260bc69d',,'0000',,
'2021-09-05 11:40:16.91','Join-Accept','00060340',,,,'Corrupted! Invalid packet size.'
'2021-09-05 11:40:30.27','Join-Request',,'ed3f000000da7f64',,,
'2021-09-05 11:40:37.08','Join-Accept','68b803cb',,,,
'2021-09-05 11:40:52.59','Uplink Msg (UC)','260b0be3',,'0000',,
'2021-09-05 11:40:52.61','Uplink Msg (UC)','260b0be3',,'0000',,
'2021-09-05 11:40:57.93','Join-Request',,'75c600000aca2500',,,
'2021-09-05 11:40:59.08','Downlink Msg (C)','260b0be3',,'0001',,
'2021-09-05 11:41:14.66','Proprietary',,,,,
'2021-09-05 11:41:31.88','Join-Request',,'75c600000aca2500',,,
'2021-09-05 11:41:36.94','Join-Accept','b00c7bc6',,,,
'2021-09-05 11:41:39.22','Uplink Msg (C)','260b24d9',,'0000',,
'2021-09-05 11:41:39.23','Uplink Msg (C)','260b24d9',,'0000',,
'2021-09-05 11:41:44.27','Downlink Msg (UC)','260b24d9',,'0000',,
'2021-09-05 11:42:28.75','Join-Request',,'ed3f000000da7f64',,,
'2021-09-05 11:42:35.56','Join-Accept','0bfe8974',,,,
'2021-09-05 11:42:36.50','Rejoin-Request',,'',,: '','Corrupted! Invalid ReJoinType value.'
'2021-09-05 11:42:39.47','Uplink Msg (C)','260b24d9',,'0001',,
'2021-09-05 11:42:39.48','Uplink Msg (C)','260b24d9',,'0001',,
'2021-09-05 11:42:44.52','Downlink Msg (UC)','260b24d9',,'0001',,
'2021-09-05 11:42:51.07','Uplink Msg (UC)','260b7bbd',,'0000',,
'2021-09-05 11:42:51.09','Uplink Msg (UC)','260b7bbd',,'0000',,
'2021-09-05 11:42:57.57','Downlink Msg (C)','240b7bbd',,'0223',,
'2021-09-05 11:43:24.07','Join-Request',,'75c600000aca2500',,,
'2021-09-05 11:43:29.15','Join-Accept','51ba4f21',,,,
'2021-09-05 11:43:31.39','Uplink Msg (C)','260b785b',,'0000',,
'2021-09-05 11:43:36.44','Downlink Msg (UC)','260b785b',,'0000',,
'2021-09-05 11:44:27.86','Join-Request',,'75c600000aca2500',,,
'2021-09-05 11:44:32.93','Join-Accept','6bd59ef1',,,,
'2021-09-05 11:44:34.95','Uplink Msg (C)','260bb04f',,'0000',,
'2021-09-05 11:44:34.96','Uplink Msg (C)','260bb04f',,'0000',,
'2021-09-05 11:44:40.00','Downlink Msg (UC)','260bb04f',,'0000',,
'2021-09-05 11:45:21.79','Join-Request',,'75c600000aca2500',,,
'2021-09-05 11:45:26.88','Join-Accept','57f96f99',,,,
'2021-09-05 11:45:30.14','Uplink Msg (C)','260b1498',,'0000',,
'2021-09-05 11:45:35.19','Downlink Msg (UC)','260b1498',,'0000',,
'2021-09-05 11:45:50.43','Uplink Msg (UC)','65738f95',,'8a26',,
'2021-09-05 11:46:29.40','Uplink Msg (C)','260b1498',,'0001',,
'2021-09-05 11:46:29.40','Uplink Msg (C)','260b1498',,'0001',,
'2021-09-05 11:46:31.99','Join-Request',,'4b63b7767701327a',,,'Corrupted! Invalid packet size.'
'2021-09-05 11:46:34.43','Downlink Msg (UC)','260b1498',,'0001',,
'2021-09-05 11:47:29.39','Uplink Msg (C)','260b1498',,'0002',,
'2021-09-05 11:47:32.34','Rejoin-Request',,'',,: '','Corrupted! Invalid ReJoinType value.'
'2021-09-05 11:47:34.43','Downlink Msg (UC)','260b1498',,'0002',,
'2021-09-05 11:48:31.58','Join-Request',,'75c600000aca2500',,,
'2021-09-05 11:48:36.66','Join-Accept','f572647a',,,,
'2021-09-05 11:48:39.32','Uplink Msg (C)','260b905b',,'0000',,
'2021-09-05 11:48:44.36','Downlink Msg (UC)','260b905b',,'0000',,
'2021-09-05 11:49:39.57','Uplink Msg (C)','260b905b',,'0001',,
'2021-09-05 11:49:39.58','Uplink Msg (C)','260b905b',,'0001',,
'2021-09-05 11:49:44.62','Downlink Msg (UC)','260b905b',,'0001',,
'2021-09-05 11:50:39.56','Uplink Msg (C)','260b905b',,'0002',,
'2021-09-05 11:50:39.57','Uplink Msg (C)','260b905b',,'0002',,
'2021-09-05 11:50:44.61','Downlink Msg (UC)','260b905b',,'0002',,
'2021-09-05 11:51:39.56','Uplink Msg (C)','260b905b',,'0003',,
'2021-09-05 11:51:44.60','Downlink Msg (UC)','260b905b',,'0003',,
'2021-09-05 11:52:07.94','Join-Request',,'ed3f000000da7f64',,,
'2021-09-05 11:52:14.74','Join-Accept','338b40a8',,,,
'2021-09-05 11:52:30.26','Uplink Msg (UC)','260b8d7e',,'0000',,
'2021-09-05 11:52:30.27','Uplink Msg (UC)','260b8d7e',,'0000',,
'2021-09-05 11:52:37.24','Downlink Msg (UC)','260b8d7e',,'0001',,
'2021-09-05 11:52:39.55','Uplink Msg (C)','260b905b',,'0004',,
'2021-09-05 11:52:44.60','Downlink Msg (UC)','260b905b',,'0004',,
'2021-09-05 11:53:20.95','Proprietary',,,,,
'2021-09-05 11:53:39.55','Uplink Msg (C)','260b905b',,'0005',,
'2021-09-05 11:53:39.56','Uplink Msg (C)','260b905b',,'0005',,
'2021-09-05 11:53:44.59','Downlink Msg (UC)','260b905b',,'0005',,
'2021-09-05 11:53:45.68','Join-Request',,'ed3f000000da7f64',,,
'2021-09-05 11:53:52.49','Join-Accept','4be9bfea',,,,
'2021-09-05 11:53:54.70','Downlink Msg (C)','9236c4a6',,'9528',,
'2021-09-05 11:54:07.88','Uplink Msg (UC)','260b0981',,'0000',,
'2021-09-05 11:54:07.90','Uplink Msg (UC)','260b0981',,'0000',,
'2021-09-05 11:54:14.36','Downlink Msg (C)','260b0981',,'0001',,
'2021-09-05 11:54:25.47','Proprietary',,,,,
'2021-09-05 11:54:39.54','Uplink Msg (C)','260b905b',,'0006',,
'2021-09-05 11:54:44.59','Downlink Msg (UC)','260b905b',,'0006',,
'2021-09-05 11:55:20.12','Join-Request',,'ed3f000000da7f64',,,
'2021-09-05 11:55:26.93','Join-Accept','292f8d54',,,,
'2021-09-05 11:55:39.55','Uplink Msg (C)','260b905b',,'0007',,
'2021-09-05 11:55:42.44','Uplink Msg (UC)','260b10af',,'0000',,
'2021-09-05 11:55:42.44','Uplink Msg (UC)','260b10af',,'0000',,
'2021-09-05 11:55:44.58','Downlink Msg (UC)','260b905b',,'0007',,
'2021-09-05 11:55:48.93','Downlink Msg (C)','269b19af',,'2008',,'Corrupted! Invalid packet size (Wrong FOpts len)'
'2021-09-05 11:56:39.54','Uplink Msg (C)','260b905b',,'0008',,
'2021-09-05 11:56:44.58','Downlink Msg (UC)','260b905b',,'0008',,
'2021-09-05 11:57:39.54','Uplink Msg (C)','260b905b',,'0009',,
'2021-09-05 11:57:39.55','Uplink Msg (C)','260b905b',,'0009',,
'2021-09-05 11:57:44.58','Downlink Msg (UC)','260b905b',,'0009',,
'2021-09-05 11:58:39.53','Uplink Msg (C)','260b905b',,'000a',,
'2021-09-05 11:58:44.57','Downlink Msg (UC)','260b905b',,'000a',,
'2021-09-05 11:58:46.90','Uplink Msg (C)','d3a96f19',,'9852',,
'2021-09-05 11:59:39.53','Uplink Msg (C)','260b905b',,'000b',,
'2021-09-05 11:59:44.56','Downlink Msg (UC)','260b905b',,'000b',,
'2021-09-05 12:00:39.53','Uplink Msg (C)','260b905b',,'000c',,
'2021-09-05 12:00:42.25','Proprietary',,,,,
'2021-09-05 12:00:44.56','Downlink Msg (UC)','260b905b',,'000c',,
'2021-09-05 12:01:39.51','Uplink Msg (C)','260b905b',,'000d',,
'2021-09-05 12:01:39.52','Uplink Msg (C)','260b905b',,'000d',,
'2021-09-05 12:01:44.56','Downlink Msg (UC)','260b905b',,'000d',,
'2021-09-05 12:02:39.51','Uplink Msg (C)','260b905b',,'000e',,
'2021-09-05 12:02:44.56','Downlink Msg (UC)','260b905b',,'000e',,
'2021-09-05 12:02:47.48','Downlink Msg (C)','4550353f',,'f717',,'Corrupted! Invalid packet size (Wrong FOpts len)'
'2021-09-05 12:03:13.26','Join-Request',,'75c600000aca2500',,,
'2021-09-05 12:03:18.34','Join-Accept','60c923d6',,,,
'2021-09-05 12:03:19.43','Downlink Msg (UC)','00000023',,'000e',,
'2021-09-05 12:03:20.97','Uplink Msg (C)','260b12a3',,'0000',,
'2021-09-05 12:03:26.01','Downlink Msg (UC)','260b12a3',,'0000',,
'2021-09-05 12:04:08.67','Rejoin-Request',,'',,: '','Corrupted! Invalid ReJoinType value.'
'2021-09-05 12:04:17.90','Downlink Msg (UC)','00000012',,'000e',,
'2021-09-05 12:04:24.27','Join-Request',,'75c600000aca2500',,,
'2021-09-05 12:04:29.34','Join-Accept','341fe14c',,,,
'2021-09-05 12:04:32.59','Uplink Msg (C)','260bdc0d',,'0000',,
'2021-09-05 12:04:37.62','Downlink Msg (UC)','260bdc0d',,'0000',,
'2021-09-05 12:05:17.22','Downlink Msg (C)','3f039bab',,'2043',,
'2021-09-05 12:05:25.90','Downlink Msg (UC)','00000018',,'001c',,
'2021-09-05 12:05:31.84','Uplink Msg (C)','260bdc0d',,'0001',,
'2021-09-05 12:05:31.84','Uplink Msg (C)','260bdc0d',,'0001',,
'2021-09-05 12:05:36.89','Downlink Msg (C)','260bdc0d',,'0001',,
'2021-09-05 12:06:31.84','Uplink Msg (C)','260bdc0d',,'0002',,
'2021-09-05 12:06:47.61','Proprietary',,,,,
'2021-09-05 12:07:01.66','Rejoin-Request',,'',,: '','Corrupted! Invalid ReJoinType value.'
'2021-09-05 12:07:29.14','Proprietary',,,,,
'2021-09-05 12:07:31.83','Uplink Msg (C)','260bdc0d',,'0003',,
'2021-09-05 12:07:31.84','Uplink Msg (C)','260bdc0d',,'0003',,
'2021-09-05 12:07:36.87','Downlink Msg (UC)','260bdc0d',,'0003',,
'2021-09-05 12:07:50.46','Rejoin-Request',,'',,: '','Corrupted! Invalid ReJoinType value.'
'2021-09-05 12:08:31.82','Uplink Msg (C)','260bdc0d',,'0004',,
'2021-09-05 12:08:31.85','Uplink Msg (C)','260bdc0d',,'0004',,
'2021-09-05 12:08:36.87','Downlink Msg (UC)','260bdc0d',,'0004',,
'2021-09-05 12:09:31.82','Uplink Msg (C)','260bdc0d',,'0005',,
'2021-09-05 12:09:31.82','Uplink Msg (C)','260bdc0d',,'0005',,
'2021-09-05 12:09:36.86','Downlink Msg (UC)','260bdc0d',,'0005',,
'2021-09-05 12:09:50.15','Join-Request',,'75c600000aca2500',,,
'2021-09-05 12:09:55.22','Join-Accept','92f43052',,,,
'2021-09-05 12:09:57.35','Uplink Msg (C)','260bd485',,'0000',,
'2021-09-05 12:10:02.40','Downlink Msg (UC)','260bd485',,'0000',,
'2021-09-05 12:10:06.63','Join-Request',,'ed3f000000da7f64',,,
'2021-09-05 12:10:13.45','Join-Accept','a173df47',,,,
'2021-09-05 12:10:28.82','Uplink Msg (UC)','260b7199',,'0000',,
'2021-09-05 12:10:28.84','Uplink Msg (UC)','260b7199',,'0000',,
'2021-09-05 12:10:35.12','Join-Request',,'b12d09b03465c548',,,'Corrupted! Invalid packet size.'
'2021-09-05 12:10:35.31','Downlink Msg (C)','260b7199',,'0001',,
'2021-09-05 12:10:57.60','Uplink Msg (C)','260bd485',,'0001',,
'2021-09-05 12:11:02.66','Downlink Msg (UC)','260bd485',,'0001',,
'2021-09-05 12:11:57.60','Uplink Msg (C)','260bd485',,'0002',,
'2021-09-05 12:12:02.64','Downlink Msg (UC)','260bd485',,'0002',,
'2021-09-05 12:12:57.60','Uplink Msg (C)','260bd485',,'0003',,
'2021-09-05 12:12:57.61','Uplink Msg (C)','260bd485',,'0003',,
'2021-09-05 12:13:02.64','Downlink Msg (UC)','260bd485',,'0003',,
'2021-09-05 12:13:57.59','Uplink Msg (C)','260bd485',,'0004',,
'2021-09-05 12:14:02.66','Downlink Msg (UC)','260bd485',,'0004',,
'2021-09-05 12:14:57.58','Uplink Msg (C)','260bd485',,'0005',,
'2021-09-05 12:15:02.65','Downlink Msg (UC)','260bd485',,'0005',,
'2021-09-05 12:15:57.59','Uplink Msg (C)','260bd485',,'0006',,
'2021-09-05 12:16:02.62','Downlink Msg (UC)','260bd485',,'0006',,
'2021-09-05 12:16:22.05','Join-Request',,'ed3f000000da7f64',,,
'2021-09-05 12:16:28.86','Join-Accept','60bf38ca',,,,
'2021-09-05 12:16:44.37','Uplink Msg (UC)','260b8df8',,'0000',,
'2021-09-05 12:16:44.38','Uplink Msg (UC)','260b8df8',,'0000',,
'2021-09-05 12:16:50.85','Downlink Msg (C)','260b8df8',,'0001',,
'2021-09-05 12:16:51.93','Downlink Msg (C)','afe2b454',,'0717',,
'2021-09-05 12:17:30.93','Rejoin-Request',,'',,: '','Corrupted! Invalid ReJoinType value.'
'2021-09-05 12:19:21.11','Join-Request',,'ed3f000000da7f64',,,
'2021-09-05 12:19:27.92','Join-Accept','d240f202',,,,
'2021-09-05 12:19:43.31','Uplink Msg (UC)','260b5edd',,'0000',,
'2021-09-05 12:19:49.79','Downlink Msg (C)','260b5edd',,'0001',,
'2021-09-05 12:19:57.56','Proprietary',,,,,
'2021-09-05 12:20:15.48','Uplink Msg (C)','acf71fa6',,'924a',,'Corrupted! Invalid packet size (Wrong FOpts len)'
'2021-09-05 12:20:42.93','Join-Request',,'75c600000aca2500',,,
'2021-09-05 12:20:50.65','Uplink Msg (C)','260b5bde',,'0000',,
'2021-09-05 12:20:50.66','Uplink Msg (C)','260b5bde',,'0000',,
'2021-09-05 12:20:55.69','Downlink Msg (UC)','260b5bde',,'0000',,
'2021-09-05 12:21:04.65','Join-Accept','bcd7ef1f',,,,'Corrupted! Invalid packet size.'
'2021-09-05 12:21:06.23','Downlink Msg (UC)','30676c4f',,'a3bf',,
'2021-09-05 12:21:50.90','Uplink Msg (C)','260b5bde',,'0001',,
'2021-09-05 12:22:50.90','Uplink Msg (C)','260b5bde',,'0002',,
'2021-09-05 12:23:50.90','Uplink Msg (C)','260b5bde',,'0003',,
'2021-09-05 12:23:55.95','Downlink Msg (UC)','260b5bde',,'0003',,
'2021-09-05 12:24:50.89','Uplink Msg (C)','260b5bde',,'0004',,
'2021-09-05 12:25:50.89','Uplink Msg (C)','260b5bde',,'0005',,
'2021-09-05 12:25:55.92','Downlink Msg (UC)','260b5bde',,'0005',,
'2021-09-05 12:26:49.12','Join-Request',,'75c600000aca2500',,,
'2021-09-05 12:26:54.20','Join-Accept','5a407340',,,,
'2021-09-05 12:26:56.71','Uplink Msg (C)','260b1ae2',,'0000',,
'2021-09-05 12:26:56.71','Uplink Msg (C)','260b1ae2',,'0000',,
'2021-09-05 12:27:01.75','Downlink Msg (UC)','260b1ae2',,'0000',,
'2021-09-05 12:27:10.19','Join-Request',,'ed3f000000da7f64',,,
'2021-09-05 12:27:17.01','Join-Accept','2ae48b61',,,,
'2021-09-05 12:27:26.17','Downlink Msg (UC)','35ab5963',,'68f1',,
'2021-09-05 12:27:32.40','Uplink Msg (UC)','260b6e9f',,'0000',,
'2021-09-05 12:27:38.87','Downlink Msg (C)','260b6e9f',,'0001',,
'2021-09-05 12:27:56.96','Uplink Msg (C)','260b1ae2',,'0001',,
'2021-09-05 12:28:02.00','Downlink Msg (UC)','260b1ae2',,'0001',,
'2021-09-05 12:28:56.96','Uplink Msg (C)','260b1ae2',,'0002',,
'2021-09-05 12:29:02.00','Downlink Msg (UC)','260b1ae2',,'0002',,
'2021-09-05 12:29:56.95','Uplink Msg (C)','260b1ae2',,'0003',,
'2021-09-05 12:30:01.99','Downlink Msg (UC)','260b1ae2',,'0003',,
'2021-09-05 12:30:10.57','Rejoin-Request',,'',,: '','Corrupted! Invalid ReJoinType value.'
'2021-09-05 12:30:16.23','Join-Accept','f2b8c6ef',,,,'Corrupted! Invalid packet size.'
'2021-09-05 12:30:48.30','Downlink Msg (UC)','dff62b2e',,'84f5',,
'2021-09-05 12:30:56.94','Uplink Msg (C)','260b1ae2',,'0004',,
'2021-09-05 12:30:56.95','Uplink Msg (C)','260b1ae2',,'0004',,
'2021-09-05 12:31:01.99','Downlink Msg (UC)','260b1ae2',,'0004',,
'2021-09-05 12:31:56.94','Uplink Msg (C)','260b1ae2',,'0005',,
'2021-09-05 12:32:01.98','Downlink Msg (UC)','260b1ae2',,'0005',,
'2021-09-05 12:32:02.06','Uplink Msg (C)','260b1ae2',,'0005',,
'2021-09-05 12:32:07.10','Downlink Msg (UC)','260b1ae2',,'0006',,
'2021-09-05 12:32:56.93','Uplink Msg (C)','260b1ae2',,'0006',,
'2021-09-05 12:33:01.98','Downlink Msg (UC)','260b1ae2',,'0007',,
'2021-09-05 12:34:00.77','Uplink Msg (C)','260b1ae2',,'0007',,
'2021-09-05 12:34:00.78','Uplink Msg (C)','260b1ae2',,'0007',,
'2021-09-05 12:34:05.82','Downlink Msg (UC)','260b1ae2',,'0008',,
'2021-09-05 12:34:52.80','Rejoin-Request',,'',,: '','Corrupted! Invalid ReJoinType value.'
'2021-09-05 12:35:00.76','Uplink Msg (C)','260b1ae2',,'0008',,
'2021-09-05 12:35:00.77','Uplink Msg (C)','260b1ae2',,'0008',,
'2021-09-05 12:35:05.81','Downlink Msg (UC)','260b1ae2',,'0009',,
'2021-09-05 12:35:21.84','Downlink Msg (C)','a8499583',,'8707',,
'2021-09-05 12:36:00.76','Uplink Msg (C)','260b1ae2',,'0009',,
'2021-09-05 12:36:00.77','Uplink Msg (C)','260b1ae2',,'0009',,
'2021-09-05 12:36:05.80','Downlink Msg (UC)','260b1ae2',,'000a',,
'2021-09-05 12:36:51.44','Downlink Msg (UC)','f037c1dc',,'1fd3',,
'2021-09-05 12:37:00.76','Uplink Msg (C)','260b1ae2',,'000a',,
'2021-09-05 12:37:05.80','Downlink Msg (UC)','260b1ae2',,'000b',,
'2021-09-05 12:37:05.87','Uplink Msg (C)','260b1ae2',,'000a',,
'2021-09-05 12:37:05.87','Uplink Msg (C)','260b1ae2',,'000a',,
'2021-09-05 12:37:14.94','Uplink Msg (C)','260b1ae2',,'000a',,
'2021-09-05 12:37:14.95','Uplink Msg (C)','260b1ae2',,'000a',,
'2021-09-05 12:37:20.03','Downlink Msg (UC)','260b1ae2',,'000c',,
'2021-09-05 12:38:00.75','Uplink Msg (C)','260b1ae2',,'000b',,
'2021-09-05 12:38:00.76','Uplink Msg (C)','260b1ae2',,'000b',,
'2021-09-05 12:38:05.82','Downlink Msg (UC)','260b1ae2',,'000d',,
'2021-09-05 12:38:09.64','Join-Accept','a4240522',,,,'Corrupted! Invalid packet size.'
'2021-09-05 12:38:12.26','Rejoin-Request',,'',,: '','Corrupted! Invalid ReJoinType value.'
'2021-09-05 12:39:03.35','Uplink Msg (C)','260b1ae2',,'000c',,
'2021-09-05 12:39:08.39','Downlink Msg (UC)','260b1ae2',,'000e',,
'2021-09-05 12:40:03.35','Uplink Msg (C)','260b1ae2',,'000d',,
'2021-09-05 12:40:03.36','Uplink Msg (C)','260b1ae2',,'000d',,
'2021-09-05 12:40:08.38','Downlink Msg (UC)','260b1ae2',,'000f',,
'2021-09-05 12:41:03.34','Uplink Msg (C)','260b1ae2',,'000e',,
'2021-09-05 12:41:03.35','Uplink Msg (C)','260b1ae2',,'000e',,
'2021-09-05 12:41:08.38','Downlink Msg (UC)','260b1ae2',,'0010',,
'2021-09-05 12:42:03.34','Uplink Msg (C)','260b1ae2',,'000f',,
'2021-09-05 12:42:08.38','Downlink Msg (UC)','260b1ae2',,'0011',,
'2021-09-05 12:43:03.33','Uplink Msg (C)','260b1ae2',,'0010',,
'2021-09-05 12:43:08.37','Downlink Msg (UC)','260b1ae2',,'0012',,
'2021-09-05 12:43:19.33','Uplink Msg (UC)','d2f156ff',,'32dc',,
'2021-09-05 12:43:21.43','Proprietary',,,,,
'2021-09-05 12:43:24.45','Downlink Msg (C)','c8c0bbcb',,'87a1',,
'2021-09-05 12:44:03.33','Uplink Msg (C)','260b1ae2',,'0011',,
'2021-09-05 12:44:03.34','Uplink Msg (C)','260b1ae2',,'0011',,
'2021-09-05 12:44:08.37','Downlink Msg (UC)','260b1ae2',,'0013',,
'2021-09-05 12:44:41.62','Uplink Msg (C)','7eb1033c',,'396d',,
'2021-09-05 12:45:03.32','Uplink Msg (C)','260b1ae2',,'0012',,
'2021-09-05 12:45:03.32','Uplink Msg (C)','260b1ae2',,'0012',,
'2021-09-05 12:45:06.30','Rejoin-Request',,'',,: '','Corrupted! Invalid ReJoinType value.'
'2021-09-05 12:45:08.36','Downlink Msg (UC)','260b1ae2',,'0014',,
'2021-09-05 12:45:58.75','Downlink Msg (UC)','c69de101',,'0d6f',,
'2021-09-05 12:46:03.31','Uplink Msg (C)','260b1ae2',,'0013',,
'2021-09-05 12:46:08.35','Downlink Msg (UC)','260b1ae2',,'0015',,
'2021-09-05 12:46:10.46','Join-Request',,'ed3f000000da7f64',,,
'2021-09-05 12:46:17.27','Join-Accept','d16648c0',,,,
'2021-09-05 12:46:32.77','Uplink Msg (UC)','260bf7e1',,'0000',,
'2021-09-05 12:46:32.78','Uplink Msg (UC)','260bf7e1',,'0000',,
'2021-09-05 12:46:39.26','Downlink Msg (C)','260bf7e1',,'0001',,
'2021-09-05 12:46:55.34','Downlink Msg (C)','b18f1f9a',,'9fe4',,
'2021-09-05 12:47:03.32','Uplink Msg (C)','260b1ae2',,'0014',,
'2021-09-05 12:47:08.35','Downlink Msg (UC)','260b1ae2',,'0016',,
'2021-09-05 12:48:03.30','Uplink Msg (C)','260b1ae2',,'0015',,
'2021-09-05 12:48:03.31','Uplink Msg (C)','260b1ae2',,'0015',,
'2021-09-05 12:48:08.35','Downlink Msg (UC)','260b1ae2',,'0017',,
'2021-09-05 12:48:46.66','Proprietary',,,,,
'2021-09-05 12:49:03.30','Uplink Msg (C)','260b1ae2',,'0016',,
'2021-09-05 12:49:03.31','Uplink Msg (C)','260b1ae2',,'0016',,
'2021-09-05 12:49:08.35','Downlink Msg (UC)','260b1ae2',,'0018',,
'2021-09-05 12:50:03.30','Uplink Msg (C)','260b1ae2',,'0017',,
'2021-09-05 12:50:08.33','Downlink Msg (UC)','260b1ae2',,'0019',,
'2021-09-05 12:50:39.49','Downlink Msg (C)','759578ab',,'00d6',,
'2021-09-05 12:51:03.29','Uplink Msg (C)','260b1ae2',,'0018',,
'2021-09-05 12:51:08.34','Downlink Msg (UC)','260b1ae2',,'001a',,
'2021-09-05 12:52:00.53','Uplink Msg (UC)','ca714cbe',,'b8b3',,
'2021-09-05 12:52:03.29','Uplink Msg (C)','260b1ae2',,'0019',,
'2021-09-05 12:52:03.30','Uplink Msg (C)','260b1ae2',,'0019',,
'2021-09-05 12:52:08.33','Downlink Msg (UC)','260b1ae2',,'001b',,
'2021-09-05 12:53:03.28','Uplink Msg (C)','260b1ae2',,'001a',,
'2021-09-05 12:53:08.32','Downlink Msg (UC)','260b1ae2',,'001c',,
'2021-09-05 12:53:21.51','Downlink Msg (UC)','88f801a7',,'a54e',,
'2021-09-05 12:54:03.28','Uplink Msg (C)','260b1ae2',,'001b',,
'2021-09-05 12:54:03.29','Uplink Msg (C)','260b1ae2',,'001b',,
'2021-09-05 12:54:08.33','Downlink Msg (UC)','260b1ae2',,'001d',,
'2021-09-05 12:55:03.27','Uplink Msg (C)','260b1ae2',,'001c',,
'2021-09-05 12:55:08.32','Downlink Msg (UC)','260b1ae2',,'001e',,
'2021-09-05 12:56:03.27','Uplink Msg (C)','260b1ae2',,'001d',,
'2021-09-05 12:56:03.28','Uplink Msg (C)','260b1ae2',,'001d',,
'2021-09-05 12:56:08.31','Downlink Msg (UC)','260b1ae2',,'001f',,
'2021-09-05 12:57:03.26','Uplink Msg (C)','260b1ae2',,'001e',,
'2021-09-05 12:57:08.31','Downlink Msg (UC)','260b1ae2',,'0020',,
'2021-09-05 12:58:03.25','Uplink Msg (C)','260b1ae2',,'001f',,
'2021-09-05 12:58:08.30','Downlink Msg (UC)','260b1ae2',,'0021',,
'2021-09-05 12:59:03.26','Uplink Msg (C)','260b1ae2',,'0020',,
'2021-09-05 12:59:08.30','Downlink Msg (UC)','260b1ae2',,'0022',,
'2021-09-05 13:00:03.25','Uplink Msg (C)','260b1ae2',,'0021',,
'2021-09-05 13:00:03.26','Uplink Msg (C)','260b1ae2',,'0021',,
'2021-09-05 13:00:08.30','Downlink Msg (UC)','260b1ae2',,'0023',,
'2021-09-05 13:00:54.18','Downlink Msg (UC)','c2673ff5',,'7cd2',,
'2021-09-05 13:01:03.25','Uplink Msg (C)','260b1ae2',,'0022',,
'2021-09-05 13:01:08.29','Downlink Msg (UC)','260b1ae2',,'0024',,
'2021-09-05 13:02:03.24','Uplink Msg (C)','260b1ae2',,'0023',,
'2021-09-05 13:02:03.25','Uplink Msg (C)','260b1ae2',,'0023',,
'2021-09-05 13:02:08.28','Downlink Msg (UC)','260b1ae2',,'0025',,
'2021-09-05 13:03:03.23','Uplink Msg (C)','260b1ae2',,'0024',,
'2021-09-05 13:03:04.94','Downlink Msg (UC)','00000024',,'000f',,
'2021-09-05 13:03:08.28','Downlink Msg (UC)','260b1ae2',,'0026',,
'2021-09-05 13:03:29.12','Downlink Msg (UC)','00000018',,'001e',,
'2021-09-05 13:04:03.23','Uplink Msg (C)','260b1ae2',,'0025',,
'2021-09-05 13:04:03.24','Uplink Msg (C)','260b1ae2',,'0025',,
'2021-09-05 13:04:08.28','Downlink Msg (UC)','260b1ae2',,'0027',,
'2021-09-05 13:04:19.18','Rejoin-Request',,'',,: '','Corrupted! Invalid ReJoinType value.'
'2021-09-05 13:04:49.86','Downlink Msg (UC)','00000028',,'0010',,
'2021-09-05 13:05:11.12','Downlink Msg (UC)','00000018',,'0020',,
'2021-09-05 13:05:21.79','Join-Request',,'ed3f000000da7f64',,,
'2021-09-05 13:05:28.60','Join-Accept','b71b373c',,,,
'2021-09-05 13:05:43.87','Uplink Msg (UC)','260b39cc',,'0000',,
'2021-09-05 13:05:43.87','Uplink Msg (UC)','260b39cc',,'0000',,
'2021-09-05 13:05:48.58','Join-Request',,'75c600000aca2500',,,
'2021-09-05 13:05:50.35','Downlink Msg (C)','260b39cc',,'0001',,
'2021-09-05 13:05:53.66','Join-Accept','4f37cf61',,,,
'2021-09-05 13:05:56.43','Uplink Msg (C)','260b5ae3',,'0000',,
'2021-09-05 13:05:56.44','Uplink Msg (C)','260b5ae3',,'0000',,
'2021-09-05 13:06:01.48','Downlink Msg (UC)','260b5ae3',,'0000',,
'2021-09-05 13:06:56.69','Uplink Msg (C)','260b5ae3',,'0001',,
'2021-09-05 13:07:01.74','Downlink Msg (UC)','260b5ae3',,'0001',,
'2021-09-05 13:07:04.70','Uplink Msg (C)','260b5ae3',,'0001',,
'2021-09-05 13:07:04.70','Uplink Msg (C)','260b5ae3',,'0001',,
'2021-09-05 13:07:09.74','Downlink Msg (UC)','260b5ae3',,'0002',,
'2021-09-05 13:07:56.68','Uplink Msg (C)','260b5ae3',,'0002',,
'2021-09-05 13:08:01.73','Downlink Msg (UC)','260b5ae3',,'0003',,
'2021-09-05 13:09:00.51','Uplink Msg (C)','260b5ae3',,'0003',,
'2021-09-05 13:09:00.52','Uplink Msg (C)','260b5ae3',,'0003',,
'2021-09-05 13:09:05.57','Downlink Msg (UC)','260b5ae3',,'0004',,
'2021-09-05 13:10:00.52','Uplink Msg (C)','260b5ae3',,'0004',,
'2021-09-05 13:10:05.55','Downlink Msg (UC)','260b5ae3',,'0005',,
'2021-09-05 13:11:00.51','Uplink Msg (C)','260b5ae3',,'0005',,
'2021-09-05 13:11:00.51','Uplink Msg (C)','260b5ae3',,'0005',,
'2021-09-05 13:11:05.56','Downlink Msg (UC)','260b5ae3',,'0006',,
'2021-09-05 13:11:53.30','Join-Request',,'75c600000aca2500',,,
'2021-09-05 13:11:58.37','Join-Accept','a3b3065e',,,,
'2021-09-05 13:12:01.24','Uplink Msg (C)','260bd0f7',,'0000',,
'2021-09-05 13:12:01.24','Uplink Msg (C)','260bd0f7',,'0000',,
'2021-09-05 13:12:06.28','Downlink Msg (UC)','260bd0f7',,'0000',,
'2021-09-05 13:12:32.68','Join-Request',,'75c600000aca2500',,,
'2021-09-05 13:12:37.75','Join-Accept','525aa371',,,,
'2021-09-05 13:12:40.43','Uplink Msg (C)','260b1763',,'0000',,
'2021-09-05 13:12:40.44','Uplink Msg (C)','260b1763',,'0000',,
'2021-09-05 13:12:42.03','Join-Request',,'d63ab4c8da947dc6',,,'Corrupted! Invalid packet size.'
'2021-09-05 13:12:45.48','Downlink Msg (UC)','260b1763',,'0000',,
'2021-09-05 13:12:51.67','Downlink Msg (C)','db52c722',,'aa9c',,
'2021-09-05 13:13:13.14','Join-Request',,'75c600000aca2500',,,
'2021-09-05 13:13:18.22','Join-Accept','47b41875',,,,
'2021-09-05 13:13:20.28','Uplink Msg (C)','260bc3cc',,'0000',,
'2021-09-05 13:13:25.32','Downlink Msg (UC)','260bc3cc',,'0000',,
'2021-09-05 13:13:53.91','Join-Request',,'ed3f000000da7f64',,,
'2021-09-05 13:14:00.71','Join-Accept','efa23147',,,,
'2021-09-05 13:14:16.21','Uplink Msg (UC)','260b334e',,'0000',,
'2021-09-05 13:14:16.22','Uplink Msg (UC)','260b334e',,'0000',,
'2021-09-05 13:14:22.70','Downlink Msg (C)','260b334e',,'0001',,
'2021-09-05 13:14:54.30','Downlink Msg (C)','adbaa8ec',,'c167',,
'2021-09-05 13:15:31.96','Join-Request',,'ed3f000000da7f64',,,
'2021-09-05 13:15:35.29','Join-Request',,'75c600000aca2500',,,
'2021-09-05 13:15:38.77','Join-Accept','3d5807b9',,,,
'2021-09-05 13:15:40.37','Join-Accept','fd9ce318',,,,
'2021-09-05 13:15:43.17','Uplink Msg (C)','260bb3ac',,'0000',,
'2021-09-05 13:15:48.20','Downlink Msg (UC)','260bb3ac',,'0000',,
'2021-09-05 13:15:54.28','Uplink Msg (UC)','260b6778',,'0000',,
'2021-09-05 13:15:54.28','Uplink Msg (UC)','260b6778',,'0000',,
'2021-09-05 13:16:00.76','Downlink Msg (C)','260b6778',,'0001',,
'2021-09-05 13:16:43.41','Uplink Msg (C)','260bb3ac',,'0001',,
'2021-09-05 13:16:43.41','Uplink Msg (C)','260bb3ac',,'0001',,
'2021-09-05 13:16:48.48','Downlink Msg (UC)','260bb3ac',,'0001',,
'2021-09-05 13:17:12.82','Uplink Msg (C)','b057cb9a',,'d12e',,
'2021-09-05 13:17:43.40','Uplink Msg (C)','260bb3ac',,'0002',,
'2021-09-05 13:17:48.45','Downlink Msg (UC)','260bb3ac',,'0002',,
'2021-09-05 13:18:39.32','Join-Request',,'fd06d2fcee3b578a',,,'Corrupted! Invalid packet size.'
'2021-09-05 13:18:43.40','Uplink Msg (C)','260bb3ac',,'0003',,
'2021-09-05 13:18:48.44','Downlink Msg (UC)','260bb3ac',,'0003',,
